{
    "manufacturer": "cbkbd",
    "keyboard_name": "littol",
    "maintainer": "baconspoon85",
    "processor": "RP2040",
    "bootloader": "rp2040",
    "usb": {
        "vid": "0xFEED",
        "pid": "0xFADE",
        "device_version": "0.0.1"
    },
    "features": {
        "bootmagic": true,
        "command": false,
        "console": false,
        "extrakey": true,
        "mousekey": true,
        "nkro": true
    },
    "diode_direction": "COL2ROW",
    "matrix_pins": {
        "rows": ["GP25", "GP24", "GP17"],
        "cols": ["GP22", "GP20", "GP19", "GP18", "GP23", "GP9", "GP15", "GP14", "GP12", "GP11"]
    },
    "layouts": {
        "LAYOUT": {
            "layout": [
                { "matrix": [0, 0], "x": 0, "y": 0, "w":1.5 },
                { "matrix": [0, 1], "x": 1.5, "y": 0 },
                { "matrix": [0, 2], "x": 2.5, "y": 0 },
                { "matrix": [0, 3], "x": 3.5, "y": 0 },
                { "matrix": [0, 4], "x": 4.5, "y": 0 },
                { "matrix": [0, 5], "x": 5.5, "y": 0 },
                { "matrix": [0, 6], "x": 6.5, "y": 0 },
                { "matrix": [0, 7], "x": 7.5, "y": 0 },
                { "matrix": [0, 8], "x": 8.5, "y": 0 },
                { "matrix": [0, 9], "x": 9.5, "y": 0, "w":1.5 },
                { "matrix": [1, 0], "x": 0, "y": 1, "w": 1.25 },
                { "matrix": [1, 1], "x": 1.25, "y": 1 },
                { "matrix": [1, 2], "x": 2.25, "y": 1 },
                { "matrix": [1, 3], "x": 3.25, "y": 1 },
                { "matrix": [1, 4], "x": 4.25, "y": 1 },
                { "matrix": [1, 5], "x": 5.75, "y": 1 },
                { "matrix": [1, 6], "x": 6.75, "y": 1 },
                { "matrix": [1, 7], "x": 7.75, "y": 1 },
				{ "matrix": [1, 8], "x": 8.75, "y": 1 },
                { "matrix": [1, 9], "x": 9.75, "y": 1, "w": 1.25 },
                { "matrix": [2, 0], "x": 0, "y": 2 },
                { "matrix": [2, 1], "x": 1, "y": 2 },
                { "matrix": [2, 2], "x": 2, "y": 2 },
                { "matrix": [2, 3], "x": 3, "y": 2 },
                { "matrix": [2, 4], "x": 4.5, "y": 2.5 },
                { "matrix": [2, 5], "x": 5.5, "y": 2.5 },
                { "matrix": [2, 6], "x": 7, "y": 2 },
                { "matrix": [2, 7], "x": 8, "y": 2 },
                { "matrix": [2, 8], "x": 9, "y": 2 },
                { "matrix": [2, 9], "x": 10, "y": 2 }
            ]
        },
        "LAYOUT_2u": {
            "layout": [
                { "matrix": [0, 0], "x": 0, "y": 0, "w":1.5 },
                { "matrix": [0, 1], "x": 1.5, "y": 0 },
                { "matrix": [0, 2], "x": 2.5, "y": 0 },
                { "matrix": [0, 3], "x": 3.5, "y": 0 },
                { "matrix": [0, 4], "x": 4.5, "y": 0 },
                { "matrix": [0, 5], "x": 5.5, "y": 0 },
                { "matrix": [0, 6], "x": 6.5, "y": 0 },
                { "matrix": [0, 7], "x": 7.5, "y": 0 },
                { "matrix": [0, 8], "x": 8.5, "y": 0 },
                { "matrix": [0, 9], "x": 9.5, "y": 0, "w":1.5 },
                { "matrix": [1, 0], "x": 0, "y": 1, "w": 1.25 },
                { "matrix": [1, 1], "x": 1.25, "y": 1 },
                { "matrix": [1, 2], "x": 2.25, "y": 1 },
                { "matrix": [1, 3], "x": 3.25, "y": 1 },
                { "matrix": [1, 4], "x": 4.25, "y": 1 },
                { "matrix": [1, 5], "x": 5.75, "y": 1 },
                { "matrix": [1, 6], "x": 6.75, "y": 1 },
                { "matrix": [1, 7], "x": 7.75, "y": 1 },
				{ "matrix": [1, 8], "x": 8.75, "y": 1 },
                { "matrix": [1, 9], "x": 9.75, "y": 1, "w": 1.25 },
                { "matrix": [2, 0], "x": 0, "y": 2 },
                { "matrix": [2, 1], "x": 1, "y": 2 },
                { "matrix": [2, 2], "x": 2, "y": 2 },
                { "matrix": [2, 3], "x": 3, "y": 2 },
                { "matrix": [2, 5], "x": 4.5, "y": 2.5, "w":2 },
                { "matrix": [2, 6], "x": 7, "y": 2 },
                { "matrix": [2, 7], "x": 8, "y": 2 },
                { "matrix": [2, 8], "x": 9, "y": 2 },
                { "matrix": [2, 9], "x": 10, "y": 2 }
            ]
        }
    }
}