{
	"matrix": {
		"rows": 3,
		"cols": 10
	},
	"layouts": {
		"labels": [
			"Split Spacebar"
		],
		"keymap": [
  [
    {
      "w": 1.5
    },
    "0,0",
    "0,1",
    "0,2",
    "0,3",
    "0,4",
    "0,5",
    "0,6",
    "0,7",
    "0,8",
    {
      "w": 1.5
    },
    "0,9"
  ],
  [
    {
      "w": 1.25
    },
    "1,0",
    "1,1",
    "1,2",
    "1,3",
    "1,4",
    {
      "x": 0.5
    },
    "1,5",
    "1,6",
    "1,7",
    "1,8",
    {
      "w": 1.25
    },
    "1,9"
  ],
  [
    "2,0",
    "2,1",
    "2,2",
    "2,3",
    {
      "x": 3
    },
    "2,6",
    "2,7",
    "2,8",
    "2,9"
  ],
  [
    {
      "y": -0.5,
      "x": 4.5,
      "w": 2
    },
    "2,5\n\n\n0,0",
    {
      "x": -2
    },
    "2,4\n\n\n0,1",
    "2,5\n\n\n0,1"
  ]
]
	}
}